Abbotsham|Devon
Abbots Langley|Hertfordshire
Abenbury|Wrexham
Aberaeron|Ceredigion
Abercarn|Caerphilly
Aberdare|Rhondda Cynon Taff
Aberdeen|Aberdeen City
Aberdeen Airport|Aberdeen City
Aberdovey|Gwynedd
Aberffraw|Isle of Anglesey
Abergavenny|Monmouthshire
Aberlour|Moray
Abertillery|Blaenau Gwent
Aboyne|Aberdeenshire
Accrington|Lancashire
Adamsdown|Cardiff
Addlestone|Surrey
Ailsworth|Peterborough
Aintree|Sefton
Airdrie|North Lanarkshire
Airmyn|East Riding of Yorkshire
Akeld|Northumberland
ALBecq|Guernsey
Albrighton|Shropshire
Alcester|Warwickshire
Aldeburgh|Suffolk
Aldershot|Hampshire
Aldham|Suffolk
Aldridge|Walsall
Aldwick|West Sussex
Alexandria|West Dunbartonshire
Alford|Aberdeenshire
Alford|Lincolnshire
Alfreton|Derbyshire
Allendale|Northumberland
Allensmore|Herefordshire
Allington|Dorset
Alloa|Clackmannanshire
Allt-yr-yn|Newport
Alness|Highland
Alpington|Norfolk
Alston|Cumbria
Alton|Hampshire
Alva|Clackmannanshire
Alvechurch|Worcestershire
Alway|Newport
Amersham|Buckinghamshire
Amesbury|Wiltshire
Amlwch|Isle of Anglesey
Ampney St Mary|Gloucestershire
Andover|Hampshire
Annan|Dumfries and Galloway
Antony|Cornwall
Appleby-in-Westmorland|Cumbria
Appleton|Warrington
Arbory|IOM
Ardrishaig|Argyll and Bute
Ardrossan|North Ayrshire
Arisaig|Highland
Arlecdon|Cumbria
Arlesey|Central Bedfordshire
Arniston|Midlothian
Arthog|Gwynedd
Arundel|West Sussex
Ashby-de-la-Zouch|Leicestershire
Ashchurch|Gloucestershire
Ashendon|Buckinghamshire
Ashford|Kent
Ashleworth|Gloucestershire
Ash|Surrey
Ashton-under-Lyne|Tameside
Aston|Derbyshire
Atherstone|Warwickshire
Attleborough|Norfolk
Auchterarder|Perth and Kinross
Aust|South Gloucestershire
Aviemore|Highland
Avoch|Highland
Axminster|Devon
Aylesbury|Buckinghamshire
Ayr|South Ayrshire
Badby|Northamptonshire
Baglan|Neath Port Talbot
Bagnall|Staffordshire
Bakewell|Derbyshire
Bala|Gwynedd
Baldrine, Loman|IOM
Ballatar|Aberdeenshire
Ballindalloch|Moray
Balloch|North Lanarkshire
Ballycastle|Moyle
Ballygrant|Argyll and Bute
Balsham|Cambridgeshire
Bamber Bridge|Lancashire
Bamburgh|Northumberland
Banbury|Oxfordshire
Banchory|Aberdeenshire
Banff|Aberdeenshire
Bangor|North Down
Banwell|North Somerset
Bargoed|Caerphilly
Barkby|Leicestershire
Barking|Greater London
Barlaston|Staffordshire
Barmby Moor|East Riding of Yorkshire
Barmouth|Gwynedd
Barnet|Greater London
Barnstaple|Devon
Barrow-Upon-Humber|North Lincolnshire
Barry|The Vale of Glamorgan
Barton-Upon-Humber|North Lincolnshire
Basildon|Essex
Basingstoke|Hampshire
Bath|Bath and North East Somerset
Bathgate|West Lothian
Battle|East Sussex
Beaconsfield|Buckinghamshire
Beaminster|Dorset
Beaumaris|Isle of Anglesey
Beckermet|Cumbria
Bedford|Bedford Borough
Bedworth|Warwickshire
Beeston|Nottinghamshire
Beith|North Ayrshire
Belford|Northumberland
Bellingham|Northumberland
Belper|Derbyshire
Bembridge|Isle Of Wight
Berkeley|Gloucestershire
Berkhamsted|Hertfordshire
Berwick-upon-Tweed|Northumberland
Betws|Carmarthenshire
Betws-yn-Rhos|Conwy
Bexhill|East Sussex
Bexley|Greater London
Bicester|Oxfordshire
Bickenhill|Solihull
Biddulph|Staffordshire
Bidford-on-Avon|Warwickshire
Bigby|Lincolnshire
Biggleswade|Central Bedfordshire
Bilbrook|Staffordshire
Billericay|Essex
Billingham|Stockton-on-Tees
Bingham|Nottinghamshire
Bingley|Bradford
Birchington|Kent
Birchwood|Warrington
Birkenhead|Wirral
Bishopbriggs|East Dunbartonshire
Bishops Nympton|Devon
Bishops Stortford|Hertfordshire
Bishops Sutton|Hampshire
Bishopston|Swansea
Bishops Waltham|Hampshire
Bishopton|Renfrewshire
Bisley|Surrey
Bitton|South Gloucestershire
Blackford|Perth and Kinross
Blackrock|Argyll and Bute
Black Torrington|Devon
Blackwater and Hawley|Hampshire
Blackwood|Caerphilly
Blaenhonddan|Neath Port Talbot
Blaydon|Gateshead
Bledlow-cum-Saunderton|Buckinghamshire
Bletchley|Milton Keynes
Blofield|Norfolk
Blunsdon St Andrew|Swindon
Blyth|Northumberland
Boat Of Garten|Highland
Bodmin|Cornwall
Bodorgan|Isle of Anglesey
Bolsover|Derbyshire
Boncath|Pembrokeshire
Bonnyrigg and Lasswade|Midlothian
Bootle|Cumbria
Borehamwood|Hertfordshire
Boroughbridge|North Yorkshire
Boston|Lincolnshire
Boston Spa|Leeds
Bourne|Lincolnshire
Bovey Tracey|Devon
Bow Brickhill|Milton Keynes
Bowmore|Argyll and Bute
Brackley|Northamptonshire
Bracknell|Bracknell Forest
Bradford-on-Avon|Wiltshire
Bradley|North East Lincolnshire
Bradley Stoke|South Gloucestershire
Bradwell Abbey|Milton Keynes
Bradwell|Milton Keynes
Braintree|Essex
Bramley|Rotherham
Brampton|Cumbria
Brandon|Suffolk
Branston|Staffordshire
Braunton|Devon
Bremhill|Wiltshire
Brent|Greater London
Brentwood|Essex
Brereton|Staffordshire
Bridgemere|Cheshire East
Bridge Of Allan|Stirling
Bridge Of Don|Aberdeen City
Bridge of Orchy|Argyll and Bute
Bridgnorth|Shropshire
Bridgwater|Somerset
Bridlington|East Riding of Yorkshire
Brierley|Barnsley
Brighton|Brighton and Hove
Bristol|City of Bristol
Briston|Norfolk
Brithdir|Gwynedd
Broad Clyst|Devon
Broadstairs|Kent
Broadway|Worcestershire
Brockham|Surrey
Brodsworth|Doncaster
Bro Machno|Conwy
Bromeswell|Suffolk
Bromley|Greater London
Bromsgrove|Worcestershire
Bromyard|Herefordshire
Broomhaugh and Riding|Northumberland
Brora|Highland
Broseley|Shropshire
Broughton|North Lincolnshire
Broughton West|Cumbria
Broughton|Wrexham
Brownhills|Walsall
Broxbourne|Hertfordshire
Broxburn|West Lothian
Brunswick|Newcastle Upon Tyne
Bruton|Somerset
Bryanston|Dorset
Bryncrug|Gwynedd
Bryn|Neath Port Talbot
Buan|Gwynedd
Buckfast|Devon
Buckingham|Buckinghamshire
Bucklebury|West Berkshire
Bude|Cornwall
Budleigh Salterton|Devon
Bunessan|Argyll and Bute
Bungay|Suffolk
Buntingford|Hertfordshire
Bures Hamlet|Essex
Burgess Hill|West Sussex
Burghill|Herefordshire
Burgh Le Marsh|Lincolnshire
Burnham-on-Sea|Somerset
Burnham Without|Somerset
Burnhope|County Durham
Burnley|Lancashire
Burntisland|Fife
Burntwood|Staffordshire
Burringham|North Lincolnshire
Burscough|Lancashire
Burstwick|East Riding of Yorkshire
Burton Coggles|Lincolnshire
Burton|Dorset
Burton|Lincolnshire
Burton upon Trent|Staffordshire
Burwash|East Sussex
Bury St Edmunds|Suffolk
Bushmills|Moyle
Butetown|Cardiff
Bygrave|Hertfordshire
Byker|Newcastle Upon Tyne
Caerleon|Newport
Caersws|Powys
Cairndow|Argyll and Bute
Caistor|Lincolnshire
Callander|Stirling
Callington|Cornwall
Calne|Wiltshire
Calstock|Cornwall
Camberley|Surrey
Camberwell|Greater London
Camborne|Cornwall
Cambuslang|South Lanarkshire
Camden Town|Greater London
Camelford|Cornwall
Cannock|Staffordshire
Canterbury|Kent
Canvey Island|Essex
Capel|Surrey
Carlisle|Cumbria
Carlton in Lindrick|Nottinghamshire
Carlton|Nottinghamshire
Carluke|South Lanarkshire
Carmarthen|Carmarthenshire
Carmel|Guernsey
Carnoustie|Angus
Carryduff|Castlereagh
Carterton|Oxfordshire
Castle Bromwich|Solihull
Castle Caereinion|Powys
Castle Cary|Somerset
Castleton|Dorset
Castletown|Sunderland
Caton|Lancashire
Catterlen|Cumbria
Catton|East Riding of Yorkshire
Cefn Sidan|Carmarthenshire
Chadlington|Oxfordshire
Chalfont St Giles|Buckinghamshire
Chalfont St Peter|Buckinghamshire
Chapel-en-le-Frith|Derbyshire
Chard|Somerset
Charlton|Hampshire
Charminster|Dorset
Chatteris|Cambridgeshire
Chawleigh|Devon
Cheadle|Staffordshire
Cheadle|Stockport
Cheddar|Somerset
Chelmsford|Essex
Chelmsley Wood|Solihull
Cheltenham|Gloucestershire
Chepping Wycombe|Buckinghamshire
Chesham|Buckinghamshire
Chester|Cheshire West and Chester
Chesterfield|Derbyshire
Chester-le-Street|County Durham
Chesterton|Oxfordshire
Chetton|Shropshire
Chichester|West Sussex
Chinnor|Oxfordshire
Chipping Campden|Gloucestershire
Chorley|Lancashire
Chorleywood|Hertfordshire
Church Stretton|Shropshire
Clacton-on-Sea|Essex
Claughton|Lancashire
Clay Cross|Derbyshire
Clayton|West Sussex
Cleator Moor|Cumbria
Cleethorpes|North East Lincolnshire
Cleobury Mortimer|Shropshire
Clevedon|North Somerset
Cliburn|Cumbria
Clifford|Herefordshire
Clifton|Nottingham
Clifton Reynes|Milton Keynes
Clint|North Yorkshire
Clitheroe|Lancashire
Clumber and Hardwick|Nottinghamshire
Clutton|Bath and North East Somerset
Clydau|Pembrokeshire
Clydebank|West Dunbartonshire
Coalville|Leicestershire
Coatbridge|North Lanarkshire
Cobham|Surrey
Cockburnspath|The Scottish Borders
Cockenzie and Port Seton|East Lothian
Cockermouth|Cumbria
Colan|Cornwall
Colburn|North Yorkshire
Colchester|Essex
Coleford|Gloucestershire
Colehill|Dorset
Coleshill|Warwickshire
Colnbrook with Poyle|Slough
Colwall|Herefordshire
Colyton|Devon
Comrie|Perth and Kinross
Congleton|Cheshire East
Conisbrough|Doncaster
Coniston|Cumbria
Copmanthorpe|York
Corbridge|Northumberland
Corby|Northamptonshire
Cornhill-on-Tweed|Northumberland
Corringham|Lincolnshire
Corringham|Thurrock
Corsham|Wiltshire
Corwen|Denbighshire
Cosgrove|Northamptonshire
Cotgrave|Nottinghamshire
Cotherstone|County Durham
Cottingham|East Riding of Yorkshire
Cowbridge|The Vale of Glamorgan
Cowes|Isle Of Wight
Cranbrook|Kent
Cranleigh|Surrey
Crawley|West Sussex
Crayford|Greater London
Crewe|Cheshire East
Crewkerne|Somerset
Criccieth|Gwynedd
Crieff|Perth and Kinross
Crigglestone|Wakefield
Croft|Warrington
Cromarty|Highland
Cromer|Norfolk
Crosby|Liverpool
Crossapol|Argyll and Bute
Crowborough|East Sussex
Croydon|Greater London
Crymych|Pembrokeshire
Cuckfield Rural|West Sussex
Cuddesdon|Oxfordshire
Culham|Oxfordshire
Cumbernauld|North Lanarkshire
Cumnock|East Ayrshire
Cwmbran|Torfaen
Cwm Cadnant|Isle of Anglesey
Cymmer|Rhondda Cynon Taff
Cynffig|Bridgend
Dalbeattie|Dumfries and Galloway
Dalkeith|Midlothian
Dalry|North Ayrshire
Dalton-in-Furness|Cumbria
Dalton-le-Dale|County Durham
Dalton Town with Newton|Cumbria
Dalwhinnie|Highland
Danbury|Essex
Darenth|Kent
Darfield|Barnsley
Dartford|Kent
Dartmouth|Devon
Darvel|East Ayrshire
Darwen|Blackburn with Darwen
Dawlish|Devon
Deeping St James|Lincolnshire
Deganwy|Conwy
Denbigh|Denbighshire
Denham Green|Buckinghamshire
Dennyloanhead|Falkirk
Denny Lodge|Hampshire
Denver|Norfolk
Denwick|Northumberland
Dewsbury|Kirklees
Didcot|Oxfordshire
Dingley|Northamptonshire
Dingwall|Highland
Dinnington|Rotherham
Dinton|Buckinghamshire
Dinton|Wiltshire
Ditton|Kent
Doddiscombsleigh|Devon
Dolbenmaen|Gwynedd
Dolwyddelan|Conwy
Donaghadee|Ards
Dorchester|Dorset
Dorking|Surrey
Dorridge|Solihull
Douglas, Braddan|IOM
Doune|Stirling
Dover|Kent
Dowland|Devon
Downham|Cambridgeshire
Downpatrick|Down
Downton|Wiltshire
Draycott|Derbyshire
Driffield|East Riding of Yorkshire
Droitwich|Worcestershire
Dronfield|Derbyshire
Drybrook|Gloucestershire
Duhonw|Powys
Dulverton|Somerset
Dumbarton|West Dunbartonshire
Dummer|Hampshire
Dunchurch|Warwickshire
Dundee|Dundee City
Dundonald|Castlereagh
Dunfermline|Fife
Dunmurry|Lisburn
Dunstable|Central Bedfordshire
Dunston|Lincolnshire
Dunton Green|Kent
Durham|County Durham
Dursley|Gloucestershire
Duston|Northamptonshire
Dyffryn Ardudwy|Gwynedd
Ealing|Greater London
Earley|Wokingham
Earlston|The Scottish Borders
Earswick|York
Easingwold|North Yorkshire
Eastbourne|East Sussex
East Grinstead|West Sussex
East Ham|Greater London
East Horsley|Surrey
East Kilbride|South Lanarkshire
Eastleigh|Hampshire
Ebbw Vale|Blaenau Gwent
Ecclesfield|Sheffield
Eccleshall|Staffordshire
Eckington|Derbyshire
Edenbridge|Kent
Edenthorpe|Doncaster
Edinburgh|City of Edinburgh
Egglescliffe|Stockton-on-Tees
Egham|Surrey
Eglwyswrw|Pembrokeshire
Egremont|Cumbria
Elgin|Moray
Ellerby|East Riding of Yorkshire
Ellerker|East Riding of Yorkshire
Ellesmere Port|Cheshire West and Chester
Ellesmere|Shropshire
Ellingham|Northumberland
Ellon|Aberdeenshire
Elmstead|Essex
Elsdon|Northumberland
Eltham|Greater London
Ely|Cardiff
Emneth|Norfolk
Enfield|Greater London
Epping|Essex
Epsom|Surrey
Erpingham|Norfolk
Esh|County Durham
Esher|Surrey
Evanton|Highland
Everton|Central Bedfordshire
Everton|Nottinghamshire
Evesham|Worcestershire
Exeter|Devon
Exmouth|Devon
Eye|Suffolk
Eynsham|Oxfordshire
Fairlie|North Ayrshire
Fakenham|Norfolk
Falmouth|Cornwall
Farcet|Cambridgeshire
Farnborough|Hampshire
Farnham|Surrey
Faversham|Kent
Featherstone|Wakefield
Felixstowe|Suffolk
Felpham|West Sussex
Ferndale|Rhondda Cynon Taff
Ferndown|Dorset
Ferrindonald|Highland
Ferryhill|County Durham
Ffestiniog|Gwynedd
Fishguard|Pembrokeshire
Fiskerton|Lincolnshire
Fivemiletown|Dungannon
Fleet|Hampshire
Fleet|Lincolnshire
Flint|Flintshire
Folkestone|Kent
Fordham|Essex
Fordingbridge|Hampshire
Forest Row|East Sussex
Forrabury and Minster|Cornwall
Forres|Moray
Forsbrook|Staffordshire
Fort Augustus|Highland
Fort William|Highland
Four Throws|Kent
Fowey|Cornwall
Frampton Cotterell|South Gloucestershire
Fraserburgh|Aberdeenshire
Freckleton|Lancashire
Freshwater|Isle Of Wight
Fringford|Oxfordshire
Frinton and Walton|Essex
Frodsham|Cheshire West and Chester
Frome|Somerset
Fulbourn|Cambridgeshire
Funtington|West Sussex
Gairloch|Highland
Galashiels|The Scottish Borders
Galston|East Ayrshire
Garston|Liverpool
Garw Valley|Bridgend
Gatehead|East Ayrshire
Gelligaer|Caerphilly
Geneur Glyn|Ceredigion
Gildersome|Leeds
Gillingham|Dorset
Gillingham|Medway
Gilmorton|Leicestershire
Glantwymyn|Powys
Glasgow|Glasgow City
Glastonbury|Somerset
Glencoe|Highland
Glengarnock|North Ayrshire
Glenrothes|Fife
Glossop|Derbyshire
Gloucester|Gloucestershire
Gnosall|Staffordshire
Godalming|Surrey
Godstone|Surrey
Golspie|Highland
Gorseinon|Swansea
Gorseness|Orkney Islands
Gosforth|Cumbria
Gosport|Hampshire
Graig|Newport
Grangemouth|Falkirk
Grange-over-Sands|Cumbria
Grangepans|Falkirk
Grangetown|Cardiff
Grantham|Lincolnshire
Grantown-on-Spey|Highland
Gravesend|Kent
Greasley|Nottinghamshire
Great and Little Broughton|North Yorkshire
Great Aycliffe|County Durham
Great Baddow|Essex
Great Dunmow|Essex
Great Gonerby|Lincolnshire
Great Hallingbury|Essex
Great Malvern|Worcestershire
Great Missenden|Buckinghamshire
Great Sankey|Warrington
Great Shelford|Cambridgeshire
Great Wyrley|Staffordshire
Great Yarmouth|Norfolk
Greenlaw|The Scottish Borders
Greenock|Inverclyde
Greenwich|Greater London
Gresford|Wrexham
Gretna|Dumfries and Galloway
Grimston|North Yorkshire
Grindleford|Derbyshire
Groby|Leicestershire
Guildford|Surrey
Guisborough|Redcar and Cleveland
Guiseley|Leeds
Gullane|East Lothian
Gwehelog Fawr|Monmouthshire
Hackney|Greater London
Hailsham|East Sussex
Halesworth|Suffolk
Halewood|Knowsley
Halifax|Calderdale
Halkirk|Highland
Halnaby Ave|Darlington
Haltwhistle|Northumberland
Hambleton|Rutland
Hamilton|South Lanarkshire
Hammersmith|Greater London
Hampton Bishop|Herefordshire
Hardhorn and Thornton|Lancashire
Hardwick|Cambridgeshire
Harewood|Leeds
Harlech|Gwynedd
Harleston|Norfolk
Harlow|Essex
Harpenden|Hertfordshire
Harrogate|North Yorkshire
Harrow|Greater London
Hartfield|East Sussex
Hartley|Kent
Harwich|Essex
Haslemere|Surrey
Hastings|East Sussex
Hatfield|Doncaster
Hatfield|Hertfordshire
Havant|Hampshire
Haverfordwest|Pembrokeshire
Haverhill|Suffolk
Hawkesbury|South Gloucestershire
Hawkes End|Coventry
Hawkinge|Kent
Haxey|North Lincolnshire
Haydon Wick|Swindon
Hayle|Cornwall
Haywards Heath|West Sussex
Hazlemere|Buckinghamshire
Heanor|Derbyshire
Heathfield|East Sussex
Hebden Royd|Calderdale
Hedge End|Hampshire
Helensburgh|Argyll and Bute
Helland|Cornwall
Helston|Cornwall
Hemel Hempstead|Hertfordshire
Hemingstone|Suffolk
Hempnall|Norfolk
Henfield|West Sussex
Henley-in-Arden|Warwickshire
Henlow|Central Bedfordshire
Henryd|Conwy
Hermitage|West Sussex
Hertford|Hertfordshire
Heslington|York
Hessett|Suffolk
Hessle|East Riding of Yorkshire
Heswall|Wirral
Hetton|Sunderland
Hevingham|Norfolk
Hexham|Northumberland
Heybridge|Essex
Heywood|Rochdale
High Bickington|Devon
Highfields|Cambridgeshire
High Wycombe|Buckinghamshire
Hillingdon|Greater London
Hilton|Derbyshire
Hinckley|Leicestershire
Hinton St George|Somerset
Hitchin|Hertfordshire
Hockley|Essex
Hoddesdon|Hertfordshire
Holbrook|Suffolk
Hollinswood|Telford and Wrekin
Holme|Kirklees
Holmes Chapel|Cheshire East
Holsworthy Hamlets|Devon
Holt|Norfolk
Holton|Oxfordshire
Holywell|Flintshire
Holywood|North Down
Honiton|Devon
Hook|Hampshire
Hoo St Werburgh|Medway
Hopesay|Shropshire
Hope St|Falkirk
Hopton|Staffordshire
Horley|Surrey
Horncastle|Lincolnshire
Horndean|Hampshire
Hornsea|East Riding of Yorkshire
Horrabridge|Devon
Horsham|West Sussex
Horton Kirby|Kent
Horwich|Bolton
Houghton-le-Spring|Sunderland
Hounslow|Greater London
Howwood|Renfrewshire
Hoylake|Wirral
Hoyland|Barnsley
Hucclecote|Gloucestershire
Huddersfield|Kirklees
Hull|City of Kingston-upon-Hull
Hungerford|West Berkshire
Hunshelf|Barnsley
Huntingdon|Cambridgeshire
Huntly|Aberdeenshire
Hurst Green|Dudley
Hutton Henry|County Durham
Hutton Mulgrave|North Yorkshire
Hutton|North Somerset
Hythe|Hampshire
Hythe|Kent
Hyton|Knowsley
Ickleford|Hertfordshire
Icklesham|East Sussex
Ightenhill|Lancashire
Ilford|Greater London
Ilfracombe|Devon
Ilkeston|Derbyshire
Ilkley|Bradford
Ilminster|Somerset
Immingham|North East Lincolnshire
Impington|Cambridgeshire
Ingatestone|Essex
Insch|Aberdeenshire
Invergordon|Highland
Inverness|Highland
Inverurie|Aberdeenshire
Ippollitts|Hertfordshire
Ipswich|Suffolk
Ireleth|Cumbria
Irthlingborough|Northamptonshire
Irvine|North Ayrshire
Isle Of Canna|Highland
Isle Of Eigg|Highland
Isle Of Rum|Highland
Isle of Skye|Highland
Isles of Scilly|Isles Of Scilly
Islington|Greater London
Iver|Buckinghamshire
Ivybridge|Devon
Jedburgh|The Scottish Borders
Jeffreyston|Pembrokeshire
Johnstone|Renfrewshire
Juniper Green|City of Edinburgh
Keighley|Bradford
Kelsale|Suffolk
Kempston|Bedford Borough
Kempston Rural|Bedford Borough
Kendal|Cumbria
Kenilworth|Warwickshire
Kensington|Greater London
Kentisbeare|Devon
Kentra|Highland
Kenwyn|Cornwall
Kesgrave|Suffolk
Keswick|Cumbria
Kettering|Northamptonshire
Kettleburgh|Suffolk
Keynsham|Bath and North East Somerset
Kidderminster|Worcestershire
Kidlington|Oxfordshire
Kidsgrove|Staffordshire
Kidwelly|Carmarthenshire
Kilbarchan|Renfrewshire
Kilbirnie|North Ayrshire
Kilby|Leicestershire
Kilconquhar|Fife
Killearn|Stirling
Killichonan|Perth and Kinross
Killin|Stirling
Kilmacolm|Inverclyde
Kilmarnock|East Ayrshire
Kilmersdon|Somerset
Kilsyth|North Lanarkshire
Kilwinning|North Ayrshire
Kingsbridge|Devon
Kings Langley|Hertfordshire
King's Lynn|Norfolk
King Sterndale|Derbyshire
Kingston Upon Thames|Greater London
Kingswood|Gloucestershire
Kingswood|South Gloucestershire
Kington Rural|Herefordshire
Kinlochleven|Highland
Kinross|Perth and Kinross
Kinver|Staffordshire
Kirkburton|Kirklees
Kirkby Ireleth|Cumbria
Kirkby|Knowsley
Kirkby Stephen|Cumbria
Kirkcaldy|Fife
Kirkcudbright|Dumfries and Galloway
Kirkintilloch|East Dunbartonshire
Kirklevington|Stockton-on-Tees
Kirklinton|Cumbria
Kirkliston|City of Edinburgh
Kirk Michael|IOM
Kirknewton|West Lothian
Kirkton|Angus
Kirkwall|Orkney Islands
Knaresborough|North Yorkshire
Knebworth|Hertfordshire
Knighton|Powys
Knutsford|Cheshire East
Kyleakin|Highland
Ladbroke|Warwickshire
Lakes|Cumbria
Lambeth|Greater London
Lancaster|Lancashire
Lancing|West Sussex
Landore|Swansea
Langcliffe|North Yorkshire
Langport|Somerset
Largs|North Ayrshire
Larkhall|South Lanarkshire
Laurencekirk|Aberdeenshire
Layer Breton|Essex
Lcp Stanhope and Wolsingham Parishes And|County Durham
Leamington Spa|Warwickshire
Leatherhead|Surrey
Ledbury|Herefordshire
Leeds|Kent
Leek|Staffordshire
Leicester|Leicester
Leighton-Linslade|Central Bedfordshire
Leigh|Wigan
Leiston|Suffolk
Leominster|Herefordshire
Leven|Fife
Leverburgh|Eilean Siar
Levington|Suffolk
Lewes|East Sussex
Lewisham|Greater London
Lewiston|Highland
Leyland|Lancashire
Lichfield|Staffordshire
Lifton|Devon
Limpsfield|Surrey
Lincoln|Lincolnshire
Lindford|Hampshire
Lingfield|Surrey
Linlithgow|West Lothian
Linwood|Lincolnshire
Liphook|Hampshire
Liskeard|Cornwall
L'Islet|Guernsey
Liss|Hampshire
Little Clacton|Essex
Littledean|Gloucestershire
Littlehampton|West Sussex
Little Shelford|Cambridgeshire
Little Torrington|Devon
Livingston|West Lothian
Llanarth|Ceredigion
Llanbadrig|Isle of Anglesey
Llanbedr|Gwynedd
Llanbrynmair|Powys
Llanddew|Powys
Llandovery|Carmarthenshire
Llandrindod Wells|Powys
Llandudno|Conwy
Llandygai|Gwynedd
Llanegwad|Carmarthenshire
Llanelli Rural|Carmarthenshire
Llaneugrad|Isle of Anglesey
Llanfairfechan|Conwy
Llanfair-Mathafarn-Eithaf|Isle of Anglesey
Llanfallteg|Carmarthenshire
Llanfarian|Ceredigion
Llanfihangel-Ar-Arth|Carmarthenshire
Llanfihangel Ysgeifiog|Isle of Anglesey
Llangamarch|Powys
Llangattock|Powys
Llangefni|Isle of Anglesey
Llangelynin|Gwynedd
Llangoedmor|Ceredigion
Llangollen|Denbighshire
Llangybi|Ceredigion
Llanharan|Rhondda Cynon Taff
Llanidan|Isle of Anglesey
Llanidloes|Powys
Llanllwchaiarn|Powys
Llanllyfni|Gwynedd
Llannerch-Y-Medd|Isle of Anglesey
Llannon|Carmarthenshire
Llanrug|Gwynedd
Llanrwst|Conwy
Llansamlet|Swansea
Llansantffraid|Powys
Llantwit Fardre|Rhondda Cynon Taff
Llantwit Major|The Vale of Glamorgan
Llanwenog|Ceredigion
Loanhead|Midlothian
Lochdon|Argyll and Bute
Lochgoilhead|Argyll and Bute
Lochwinnoch|Renfrewshire
Lockington|Leicestershire
Locks Heath|Hampshire
Lode|Cambridgeshire
Loftus|Redcar and Cleveland
Londonderry|Derry
Long Ashton|North Somerset
Longbenton|North Tyneside
Longbridge Deverill|Wiltshire
Longden|Shropshire
Long Man|East Sussex
Longstock|Hampshire
Looe|Cornwall
Lossiemouth|Moray
Lostwithiel|Cornwall
Loughborough|Leicestershire
Loughton|Essex
Louth|Lincolnshire
Lowdham|Nottinghamshire
Lower Hardres|Kent
Ludgvan|Cornwall
Ludlow|Shropshire
Lurgan|Craigavon
Lybster|Highland
Lydeard St Lawrence|Somerset
Lydham|Shropshire
Lydney|Gloucestershire
Lyme Regis|Dorset
Lymington|Hampshire
Lymm|Warrington
Lyndhurst|Hampshire
Lynton|Devon
Lytham Saint Annes|Lancashire
Mablethorpe|Lincolnshire
Macclesfield|Cheshire East
Macduff|Aberdeenshire
Madeley|Telford and Wrekin
Maenclochog|Pembrokeshire
Maesteg|Bridgend
Maghull|Sefton
Maidenhead|Windsor and Maidenhead
Maidstone|Kent
Mallaig|Highland
Malmesbury|Wiltshire
Malpas|Cheshire West and Chester
Manchester|Greater Manchester
Manningford|Wiltshire
Mansfield|Nottinghamshire
Manston|Kent
Marazion|Cornwall
Marcham|Oxfordshire
March|Cambridgeshire
Margate|Kent
Market Bosworth|Leicestershire
Market Weighton|East Riding of Yorkshire
Marlingford|Norfolk
Marlow|Buckinghamshire
Marske|North Yorkshire
Martley|Worcestershire
Martock|Somerset
Maryport|Cumbria
Matlock Bath|Derbyshire
Mauchline|East Ayrshire
Maulden|Central Bedfordshire
Mayfield|East Sussex
Meidrim|Carmarthenshire
Melbourn|Cambridgeshire
Melksham|Wiltshire
Melton Mowbray|Leicestershire
Menstrie|Clackmannanshire
Meopham Station|Kent
Merriott|Somerset
Merton|Greater London
Methwold|Norfolk
Micklefield|Leeds
Mickleover|Derby
Middleton Cheney|Northamptonshire
Middleton|Rochdale
Middlewich|Cheshire East
Midhurst|West Sussex
Milford Haven|Pembrokeshire
Millom|Cumbria
Millport|North Ayrshire
Milltimber|Aberdeen City
Mill Town|Antrim
Milngavie|East Dunbartonshire
Milnthorpe|Cumbria
Mirfield|Kirklees
Mistley|Essex
Mochdre|Conwy
Moelfre|Isle of Anglesey
Mold|Flintshire
Monk Hesleden|County Durham
Monmouth|Monmouthshire
Montacute|Somerset
Montgomery|Powys
Moreton-in-Marsh|Gloucestershire
Morpeth|Northumberland
Morriston|Swansea
Mossley|Tameside
Mosstodloch|Moray
Motherwell|North Lanarkshire
Mouilpied|Guernsey
Much Hadham|Hertfordshire
Much Wenlock|Shropshire
Mudford|Somerset
Muir Of Ord|Highland
Muncaster|Cumbria
Musselburgh|East Lothian
Muston|North Yorkshire
Muthill|Perth and Kinross
Myddle|Shropshire
Nailsea|North Somerset
Nairn|Highland
Nantwich|Cheshire East
Narberth|Pembrokeshire
Narborough|Leicestershire
Naunton|Gloucestershire
Nawton|North Yorkshire
Nempnett Thrubwell|Bath and North East Somerset
Nethy Bridge|Highland
Nettleham|Lincolnshire
Nettlestone|Isle Of Wight
Newark-on-Trent|Nottinghamshire
Newburn|Newcastle Upon Tyne
Newbury|West Berkshire
Newcastle|Down
Newcastle Emlyn|Carmarthenshire
Newcastle-under-Lyme|Staffordshire
Newchurch|Lancashire
Newhaven|East Sussex
New Lanark|South Lanarkshire
New Mills|Derbyshire
Newmilns|East Ayrshire
New Milton|Hampshire
Newport|Essex
Newport|Isle Of Wight
Newport Pagnell|Milton Keynes
Newport|Pembrokeshire
Newport|Telford and Wrekin
New Quay|Ceredigion
Newquay|Cornwall
New Romney|Kent
Newtimber|West Sussex
Newton Abbot|Devon
Newton Mearns|East Renfrewshire
Newton on the Moor|Northumberland
Newtown St Boswells|The Scottish Borders
New Tredegar|Caerphilly
Nolton|Pembrokeshire
Normanton|Wakefield
Northampton|Northamptonshire
North Baddesley|Hampshire
North Berwick|East Lothian
North Elmsall|Wakefield
North Ferriby|East Riding of Yorkshire
North Lodge|County Durham
North Muskham|Nottinghamshire
North Piddle|Worcestershire
North Stainley|North Yorkshire
North Sunderland|Northumberland
North Walsham|Norfolk
Northwich|Cheshire West and Chester
Norton|Sheffield
Norton|Stockton-on-Tees
Norton Sub Hamdon|Somerset
Norwich|Norfolk
nr Mouilpied|Guernsey
Nuneaton|Warwickshire
Oadby|Leicester
Odiham|Hampshire
Okehampton Hamlets|Devon
Old Buckenham|Norfolk
Old Colwyn|Conwy
Old Hunstanton|Norfolk
Old Leake|Lincolnshire
Ompton|Nottinghamshire
Onchan|IOM
Ongar|Essex
Ormiston|East Lothian
Ormskirk|Lancashire
Orton|Cumbria
Osmaston|Derbyshire
Oswestry Rural|Shropshire
Oswestry|Shropshire
Otley|Leeds
Ottery St Mary|Devon
Oulton Broad|Suffolk
Over|Cambridgeshire
Overseal|Derbyshire
Ovington|Norfolk
Owston|Doncaster
Oxenhall|Gloucestershire
Oxford|Oxfordshire
Paddington|Greater London
Padstow|Cornwall
Paisley|Renfrewshire
Pakenham|Suffolk
Pamber|Hampshire
Partington|Trafford
Peacehaven|East Sussex
Peasmarsh|East Sussex
Peebles|The Scottish Borders
Peel, German|IOM
Pemberton|Wigan
Pembroke Dock|Pembrokeshire
Pembroke|Pembrokeshire
Penally|Pembrokeshire
Penarth|The Vale of Glamorgan
Pencaer|Pembrokeshire
Pencaitland|East Lothian
Pencoed|Bridgend
Penderry|Swansea
Penicuik|Midlothian
Penkridge|Staffordshire
Penmaenmawr|Conwy
Penrhiwceiber|Rhondda Cynon Taff
Penrhyndeudraeth|Gwynedd
Penryn|Cornwall
Pentraeth|Isle of Anglesey
Pentwyn|Cardiff
Pentyrch|Cardiff
Penysarn|Isle of Anglesey
Penzance|Cornwall
Perranarworthal|Cornwall
Perranporth|Cornwall
Peterculter|Aberdeen City
Peterhead|Aberdeenshire
Peterlee|County Durham
Petersfield|Hampshire
Pickering|North Yorkshire
Pinchbeck|Lincolnshire
Plockton|Highland
Plympton|Plymouth
Plymstock|Plymouth
Pontardawe|Neath Port Talbot
Ponteland|Northumberland
Pontypridd|Rhondda Cynon Taff
Poplar|Greater London
Portadown|Craigavon
Port Askaig|Argyll and Bute
Portbury|North Somerset
Port Charlotte|Argyll and Bute
Port Ellen|Argyll and Bute
Porthcawl|Bridgend
Porthmadog|Gwynedd
Portland|Dorset
Portnahaven|Argyll and Bute
Port Riddell|Argyll and Bute
Portrush|Coleraine
Portstewart|Coleraine
Potters Bar|Hertfordshire
Poynton|Cheshire East
Prestatyn|Denbighshire
Prestbury|Gloucestershire
Presteigne|Powys
Preston|Lancashire
Princes Risborough|Buckinghamshire
Prudhoe|Northumberland
Queenborough|Kent
Queensbury|Bradford
Queensferry|City of Edinburgh
Radford Semele|Warwickshire
Radlett|Hertfordshire
Rainhill|St Helens
Rainworth|Nottinghamshire
Rame|Cornwall
Ramsay|IOM
Ramsbottom|Bury
Ramsey|Cambridgeshire
Ranfurly|Renfrewshire
Rawcliffe|York
Rawmarsh|Rotherham
Rawtenstall|Lancashire
Rayleigh|Essex
Redbourn|Hertfordshire
Redcar|Redcar and Cleveland
Redditch|Worcestershire
Redruth|Cornwall
Reigate and Banstead|Surrey
Renfrew|Renfrewshire
Rhayader|Powys
Rhiwbina|Cardiff
Rhosneigr|Isle of Anglesey
Rhosybol|Isle of Anglesey
Rhyl|Denbighshire
Richmond|Greater London
Richmond|Guernsey
Ringmer|East Sussex
Ringway|Greater Manchester
Ringwood|Hampshire
Ripley|Derbyshire
Ripley|Surrey
Rochester|Medway
Rochford|Essex
Rodborough|Gloucestershire
Rodington|Telford and Wrekin
Rogart|Highland
Rogiet|Monmouthshire
Romford|Greater London
Romsey|Hampshire
Roslin|Midlothian
Ross-on-Wye|Herefordshire
Rotherfield Greys|Oxfordshire
Rothesay|Argyll and Bute
Rothwell|Leeds
Roundway|Wiltshire
Rowley|East Riding of Yorkshire
Royal Tunbridge Wells|Kent
Ruabon|Wrexham
Rugby|Warwickshire
Runcorn|Halton
Rushden|Northamptonshire
Rustington|West Sussex
Ruthin|Denbighshire
Saasaig|Highland
Saddleworth|Oldham
Saffron Walden|Essex
Salcombe|Devon
Salehurst|East Sussex
Salisbury|Wiltshire
Saltash|Cornwall
Saltburn Marske and New Marske|Redcar and Cleveland
Salterforth|Lancashire
Saltney|Flintshire
Sancreed|Cornwall
Sandbach|Cheshire East
Sandford|Devon
Sandhurst|Bracknell Forest
Sandown|Isle Of Wight
Sandridge|Hertfordshire
Sandringham|Norfolk
Sandwich|Kent
Saundersfoot|Pembrokeshire
Savernake|Wiltshire
Sawbridgeworth|Hertfordshire
Scalasaig|Argyll and Bute
Scarborough|North Yorkshire
Scarning|Norfolk
Seaford|East Sussex
Seaton|Devon
Sedbergh|Cumbria
Sedgefield|County Durham
Selby|North Yorkshire
Settrington|North Yorkshire
Sevenoaks|Kent
Shadforth|County Durham
Shadoxhurst|Kent
Shaftesbury|Dorset
Shanklin|Isle Of Wight
Shaw|Oldham
Shefford|Central Bedfordshire
Shellingford|Oxfordshire
Shenley Brook End|Milton Keynes
Shenley Church End|Milton Keynes
Shepton Mallet|Somerset
Sheringham|Norfolk
Shifnal|Shropshire
Shildon|County Durham
Shipston-on-Stour|Warwickshire
Shoreham-by-Sea|West Sussex
Shotton|Flintshire
Shouldham|Norfolk
Shrewsbury|Shropshire
Sible Hedingham|Essex
Sidlesham|West Sussex
Sidmouth|Devon
Sittingbourne|Kent
Skeeby|North Yorkshire
Skegness|Lincolnshire
Skelmorlie|North Ayrshire
Skelton|Redcar and Cleveland
Sketty|Swansea
Sleaford|Lincolnshire
Smallburgh|Norfolk
Smarden|Kent
Snainton|North Yorkshire
Snettisham|Norfolk
Snodland|Kent
Soham|Cambridgeshire
Somerton|Somerset
Sound|Shetland Islands
Southall|Greater London
South Brent|Devon
South Hayling|Hampshire
South Leigh|Oxfordshire
Southminster|Essex
South Petherton|Somerset
South Petherwin|Cornwall
Southport|Sefton
South Tidworth|Hampshire
Southwater|West Sussex
Southwell|Nottinghamshire
Southwick|Hampshire
Southwold|Suffolk
Sowerby|North Yorkshire
Spaxton|Somerset
Spennithorne|North Yorkshire
Spennymoor|County Durham
Spilsby|Lincolnshire
Spratton|Northamptonshire
Sproughton|Suffolk
Stafford|Staffordshire
St Agnes|Cornwall
Staines|Surrey
Stainton Dale|North Yorkshire
Stainton|Middlesbrough
St Albans|Hertfordshire
Stallingborough|North East Lincolnshire
Stamfordham|Northumberland
Stamford|Lincolnshire
Standon|Hertfordshire
Stanhope|County Durham
Stanley|County Durham
Stansted Mountfitchet|Essex
Stantonbury|Milton Keynes
Stanton Fitzwarren|Swindon
Stapleford Abbotts|Essex
Staplegrove|Somerset
St Arvans|Monmouthshire
St Asaph|Denbighshire
St Austell|Cornwall
Staveley|Derbyshire
Stawell|Somerset
St Bees|Cumbria
St Blaise|Cornwall
St Breock|Cornwall
St Columb Major|Cornwall
St Cuthbert Out|Somerset
Steeton|Bradford
St Endellion|Cornwall
Stevenage|Hertfordshire
Stevenston|North Ayrshire
Steyning|West Sussex
St+F2813 Ouen|Jersey
St Georges and Priorslee|Telford and Wrekin
St Helier|Jersey
St Ives|Cambridgeshire
St Ives|Cornwall
St Judes, Andreas|IOM
St Keverne|Cornwall
St Mary In The Marsh|Kent
St Mewan|Cornwall
St Neots|Cambridgeshire
Stocksfield|Northumberland
Stoke Gifford|South Gloucestershire
Stoke St Mary|Somerset
Stonehaven|Aberdeenshire
Stonehouse|Gloucestershire
Stone|Kent
Stone|Staffordshire
Stoneywood|Falkirk
Stony Stratford|Milton Keynes
Stornoway|Eilean Siar
Storrington|West Sussex
Stourport-on-Severn|Worcestershire
Stow cum Quy|Cambridgeshire
Stowupland|Suffolk
St Peter Port|Guernsey
Strachur|Argyll and Bute
Stratford|Greater London
Stratford-Upon-Avon|Warwickshire
Strathaven|South Lanarkshire
Strathdon|Aberdeenshire
Strathpeffer|Highland
Strathyre|Stirling
Street|Somerset
Stromness|Orkney Islands
Strood|Medway
Stroud|Hampshire
St Sampson|Guernsey
St Teath|Cornwall
Studley|Warwickshire
Sturminster Newton|Dorset
Sudbury|Suffolk
Sulhamstead|West Berkshire
Sunninghill|Windsor and Maidenhead
Sutton|Greater London
Sutton in Ashfield|Nottinghamshire
Sutton upon Tern|Shropshire
Swadlincote|Derbyshire
Swaffham|Norfolk
Swanage|Dorset
Swanley|Kent
Swanscombe|Kent
Swanton Morley|Norfolk
Swarkestone|Derbyshire
Swineshead|Lincolnshire
Swinfen and Packington|Staffordshire
Syleham|Suffolk
Tadmarton|Oxfordshire
Tain|Highland
Talley|Carmarthenshire
Talsarnau|Gwynedd
Tamworth|Staffordshire
Tansor|Northamptonshire
Tanworth-in-Arden|Warwickshire
Tarporley|Cheshire West and Chester
Taunton|Somerset
Taverham|Norfolk
Tavistock|Devon
Tees Grove|Birmingham
Teignmouth|Devon
Telford|Telford and Wrekin
Templecombe|Somerset
Tenbury|Worcestershire
Tenterden|Kent
Tetbury|Gloucestershire
Tetney|Lincolnshire
Thame|Oxfordshire
Thatcham|West Berkshire
The Gorge|Telford and Wrekin
The Stukeleys|Cambridgeshire
Thetford|Norfolk
Thorlby|North Yorkshire
Thornaby|Stockton-on-Tees
Thorn|Central Bedfordshire
Thorne|Doncaster
Thornliebank|East Renfrewshire
Thornton-le-Clay|North Yorkshire
Thrupp|Gloucestershire
Thurso|Highland
Tickhill|Doncaster
Tighnabruaich|Argyll and Bute
Tillicoultry|Clackmannanshire
Tillington|West Sussex
Tintagel|Cornwall
Tiverton|Devon
Toab|Shetland Islands
Todmorden|Calderdale
Todwick|Rotherham
Tonbridge|Kent
Tonna|Neath Port Talbot
Tonypandy|Rhondda Cynon Taff
Torquay|Torbay
Totland|Isle Of Wight
Totnes|Devon
Tottenham|Greater London
Totton|Hampshire
Towcester|Northamptonshire
Town|Merthyr Tydfil
town|region
Tranent|East Lothian
Tredegar|Blaenau Gwent
Treflys|Powys
Trefriw|Conwy
Tregaron|Ceredigion
Tregoney|Cornwall
Treharris|Merthyr Tydfil
Treorchy|Rhondda Cynon Taff
Trevethin|Torfaen
Trimdon|County Durham
Trindon|Stockton-on-Tees
Tring|Hertfordshire
Troedyraur|Ceredigion
Troon|South Ayrshire
Trowbridge|Cardiff
Trowbridge|Wiltshire
Truro|Cornwall
Tuddenham|Suffolk
Turriff|Aberdeenshire
Twyford|Wokingham
Uckfield|East Sussex
Ulceby|North Lincolnshire
Ulverston|Cumbria
Upper Arley|Worcestershire
Upper Poppleton|York
Upton|Cheshire West and Chester
Upton|Dorset
Urmston|Trafford
Uttoxeter|Staffordshire
Valley|Isle of Anglesey
Ventnor|Isle Of Wight
Verwood|Dorset
Virginia Water|Surrey
Waddington|Lincolnshire
Wadhurst|East Sussex
Walkden|Salford
Walkerburn|The Scottish Borders
Wallasey|Wirral
Wallingford|Oxfordshire
Walsingham|Norfolk
Waltham Abbey|Essex
Walthamstow|Greater London
Walton|Milton Keynes
Wandsworth|Greater London
Wansbeck|Northumberland
Wantage|Oxfordshire
Wareham|Dorset
Ware|Hertfordshire
Warfield|Bracknell Forest
Warkton|Northamptonshire
Warsop|Nottinghamshire
Warton|Lancashire
Warwick|Warwickshire
Washington|Sunderland
Wasperton|Warwickshire
Watford|Hertfordshire
Watford Rural|Hertfordshire
Watlington|Oxfordshire
Waverton|Cheshire West and Chester
Waverton|Cumbria
Weare|Somerset
Weaverham|Cheshire West and Chester
Wedmore|Somerset
Wednesfield|Wolverhampton
Wellingborough|Northamptonshire
Wellington|Somerset
Wellington|Telford and Wrekin
Wells-next-the-Sea|Norfolk
Welwyn Garden City|Hertfordshire
Welwyn|Hertfordshire
Wemyss Bay|Inverclyde
West Acre|Norfolk
West Bridgford|Nottinghamshire
West Bromwich|Sandwell
Westbury|Wiltshire
West Calder|West Lothian
West Farleigh|Kent
Westham|East Sussex
Westhill|Aberdeenshire
Westhoughton|Bolton
West Kilbride|North Ayrshire
West Malling|Kent
West Molesey|Surrey
Weston|Suffolk
Weston-Super-Mare|North Somerset
Weston Turville|Buckinghamshire
Wetheral|Cumbria
Wetherby|Leeds
Weymouth|Dorset
Whaligoe|Highland
Wheldrake|York
Whepstead|Suffolk
Whitchurch|Hampshire
Whitchurch-on-Thames|Oxfordshire
Whitchurch Rural|Shropshire
Whiteabbey|Newtownabbey
Whitehaven|Cumbria
Whitfield|Kent
Whittingham|Lancashire
Whyteleafe|Surrey
Wickford|Essex
Wickham and Dunston|Gateshead
Wickham|Hampshire
Wick|Worcestershire
Wiggenhall St Germans|Norfolk
Wigginton|Staffordshire
Wigston|Leicestershire
Wilden|Bedford Borough
Willenhall|Walsall
Willen|Milton Keynes
Williton|Somerset
Wincanton|Somerset
Winchester|Hampshire
Windermere|Cumbria
Windlesham|Surrey
Windsor|Windsor and Maidenhead
Wingerworth|Derbyshire
Wingham|Kent
Winscombe|North Somerset
Winsford|Cheshire West and Chester
Winton|North Yorkshire
Wisbech|Cambridgeshire
Wisborough Green|West Sussex
Wishaw|North Lanarkshire
Wiston|Pembrokeshire
Witham|Essex
Withernsea|East Riding of Yorkshire
Witley|Surrey
Witney|Oxfordshire
Wokingham Without|Wokingham
Woking|Surrey
Wollaston|Northamptonshire
Wombourne|Staffordshire
Wonersh|Surrey
Wooburn|Buckinghamshire
Woodditton|Cambridgeshire
Woodhall Spa|Lincolnshire
Woodley|Wokingham
Woodstock|Oxfordshire
Wootton Courtenay|Somerset
Worcester|Worcestershire
Workington|Cumbria
Worplesdon|Surrey
Wortham|Suffolk
Worthing|West Sussex
Woughton On The Green|Milton Keynes
Wrotham|Kent
Wroughton|Swindon
Wye|Kent
Wylam|Northumberland
Wymondham|Norfolk
Wythall|Worcestershire
Yafforth|North Yorkshire
Yalding|Kent
Yarmouth|Isle Of Wight
Yateley|Hampshire
Yate|South Gloucestershire
Yatton Keynell|Wiltshire
Yatton|North Somerset
Yealmpton|Devon
Yeovil|Somerset
Y Felinheli|Gwynedd
Ystradgynlais|Powys
Ystrad|Rhondda Cynon Taff
